{
    "test": {
        "combined": {
            "loss": [
                0.8451703786849976,
                0.7382266521453857,
                0.5774828195571899,
                0.5613492727279663,
                0.6256760358810425,
                0.6362874507904053,
                0.5902630090713501,
                0.639635443687439,
                0.8642091751098633
            ]
        },
        "recommended": {
            "accuracy": [
                0.6536412239074707,
                0.6976282596588135,
                0.7405704855918884,
                0.7548845410346985,
                0.7268832921981812,
                0.7242712378501892,
                0.7562428116798401,
                0.7512276768684387,
                0.6787169575691223
            ],
            "loss": [
                0.8451703786849976,
                0.7382266521453857,
                0.5774828195571899,
                0.5613492727279663,
                0.6256760358810425,
                0.6362874507904053,
                0.5902630090713501,
                0.639635443687439,
                0.8642091751098633
            ],
            "roc_auc": [
                0.6653451919555664,
                0.7716181874275208,
                0.7980886697769165,
                0.812434732913971,
                0.8174875974655151,
                0.8187155723571777,
                0.8178657293319702,
                0.8193632960319519,
                0.8157694935798645
            ]
        }
    },
    "training": {
        "combined": {
            "loss": [
                0.7813021540641785,
                0.5975977182388306,
                0.39254090189933777,
                0.3421539068222046,
                0.36869269609451294,
                0.34825339913368225,
                0.26981237530708313,
                0.28108635544776917,
                0.46116653084754944
            ]
        },
        "recommended": {
            "accuracy": [
                0.6744765639305115,
                0.7403760552406311,
                0.825968325138092,
                0.8520078063011169,
                0.8340649008750916,
                0.8462839126586914,
                0.889435887336731,
                0.878462553024292,
                0.7928406000137329
            ],
            "loss": [
                0.7813021540641785,
                0.5975977182388306,
                0.39254090189933777,
                0.3421539068222046,
                0.36869269609451294,
                0.34825339913368225,
                0.26981237530708313,
                0.28108635544776917,
                0.46116653084754944
            ],
            "roc_auc": [
                0.6935998201370239,
                0.8456186652183533,
                0.8954358696937561,
                0.9211974740028381,
                0.9345889687538147,
                0.9450533986091614,
                0.952652633190155,
                0.957710325717926,
                0.9591287970542908
            ]
        }
    },
    "validation": {
        "combined": {
            "loss": [
                0.8139510154724121,
                0.7158396244049072,
                0.5601003766059875,
                0.549842894077301,
                0.6041721105575562,
                0.6170322299003601,
                0.5826430916786194,
                0.6248320937156677,
                0.8426018357276917
            ]
        },
        "recommended": {
            "accuracy": [
                0.6595202684402466,
                0.7068563103675842,
                0.746126115322113,
                0.7597113251686096,
                0.7348757982254028,
                0.7340267300605774,
                0.7650180459022522,
                0.7586499452590942,
                0.6866907477378845
            ],
            "loss": [
                0.8139510154724121,
                0.7158396244049072,
                0.5601003766059875,
                0.549842894077301,
                0.6041721105575562,
                0.6170322299003601,
                0.5826430916786194,
                0.6248320937156677,
                0.8426018357276917
            ],
            "roc_auc": [
                0.6725678443908691,
                0.7743130922317505,
                0.8030231595039368,
                0.8156698942184448,
                0.821018397808075,
                0.8204191327095032,
                0.8196390867233276,
                0.8232264518737793,
                0.8174185156822205
            ]
        }
    }
}