{
    "test": {
        "combined": {
            "loss": [
                2.226107597351074,
                1.785066843032837,
                1.854727029800415,
                1.8871142864227295,
                2.132434368133545
            ]
        },
        "label": {
            "accuracy": [
                0.7243902683258057,
                0.7243902683258057,
                0.7243902683258057,
                0.7243902683258057,
                0.7243902683258057
            ],
            "hits_at_k": [
                0.7585365772247314,
                0.8390243649482727,
                0.8463414907455444,
                0.8463414907455444,
                0.8487805128097534
            ],
            "loss": [
                2.226107597351074,
                1.785066843032837,
                1.854727029800415,
                1.8871142864227295,
                2.132434368133545
            ]
        }
    },
    "training": {
        "combined": {
            "loss": [
                2.3055834770202637,
                1.8833471536636353,
                1.8775115013122559,
                1.8520808219909668,
                2.0550670623779297
            ]
        },
        "label": {
            "accuracy": [
                0.6803907752037048,
                0.6803907752037048,
                0.6803907752037048,
                0.6831821203231812,
                0.6810886263847351
            ],
            "hits_at_k": [
                0.7418004274368286,
                0.8115841150283813,
                0.8053035736083984,
                0.8178645968437195,
                0.8178645968437195
            ],
            "loss": [
                2.3055834770202637,
                1.8833471536636353,
                1.8775115013122559,
                1.8520808219909668,
                2.0550670623779297
            ]
        }
    },
    "validation": {
        "combined": {
            "loss": [
                2.3889009952545166,
                1.9076162576675415,
                1.9427144527435303,
                1.9210562705993652,
                2.160447597503662
            ]
        },
        "label": {
            "accuracy": [
                0.6717948913574219,
                0.6717948913574219,
                0.6717948913574219,
                0.6717948913574219,
                0.6717948913574219
            ],
            "hits_at_k": [
                0.7230769395828247,
                0.8256410360336304,
                0.8307692408561707,
                0.8153846263885498,
                0.8307692408561707
            ],
            "loss": [
                2.3889009952545166,
                1.9076162576675415,
                1.9427144527435303,
                1.9210562705993652,
                2.160447597503662
            ]
        }
    }
}