{
    "batch_size": 128,
    "best_eval_metric": 0.549842894077301,
    "best_increase_batch_size_eval_metric": Infinity,
    "best_reduce_learning_rate_eval_metric": Infinity,
    "epoch": 9,
    "last_improvement": 1320,
    "last_improvement_steps": 1056,
    "last_increase_batch_size": 0,
    "last_increase_batch_size_eval_metric_improvement": 0,
    "last_increase_batch_size_steps": 0,
    "last_learning_rate_reduction": 0,
    "last_learning_rate_reduction_steps": 0,
    "last_reduce_learning_rate_eval_metric_improvement": 0,
    "learning_rate": 0.001,
    "num_increases_batch_size": 0,
    "num_reductions_learning_rate": 0,
    "steps": 2376,
    "test_metrics": {
        "combined": {
            "loss": [
                [
                    0,
                    264,
                    0.8451703786849976
                ],
                [
                    1,
                    528,
                    0.7382266521453857
                ],
                [
                    2,
                    792,
                    0.5774828195571899
                ],
                [
                    3,
                    1056,
                    0.5613492727279663
                ],
                [
                    4,
                    1320,
                    0.6256760358810425
                ],
                [
                    5,
                    1584,
                    0.6362874507904053
                ],
                [
                    6,
                    1848,
                    0.5902630090713501
                ],
                [
                    7,
                    2112,
                    0.639635443687439
                ],
                [
                    8,
                    2376,
                    0.8642091751098633
                ]
            ]
        },
        "recommended": {
            "accuracy": [
                [
                    0,
                    264,
                    0.6536412239074707
                ],
                [
                    1,
                    528,
                    0.6976282596588135
                ],
                [
                    2,
                    792,
                    0.7405704855918884
                ],
                [
                    3,
                    1056,
                    0.7548845410346985
                ],
                [
                    4,
                    1320,
                    0.7268832921981812
                ],
                [
                    5,
                    1584,
                    0.7242712378501892
                ],
                [
                    6,
                    1848,
                    0.7562428116798401
                ],
                [
                    7,
                    2112,
                    0.7512276768684387
                ],
                [
                    8,
                    2376,
                    0.6787169575691223
                ]
            ],
            "loss": [
                [
                    0,
                    264,
                    0.8451703786849976
                ],
                [
                    1,
                    528,
                    0.7382266521453857
                ],
                [
                    2,
                    792,
                    0.5774828195571899
                ],
                [
                    3,
                    1056,
                    0.5613492727279663
                ],
                [
                    4,
                    1320,
                    0.6256760358810425
                ],
                [
                    5,
                    1584,
                    0.6362874507904053
                ],
                [
                    6,
                    1848,
                    0.5902630090713501
                ],
                [
                    7,
                    2112,
                    0.639635443687439
                ],
                [
                    8,
                    2376,
                    0.8642091751098633
                ]
            ],
            "roc_auc": [
                [
                    0,
                    264,
                    0.6653451919555664
                ],
                [
                    1,
                    528,
                    0.7716181874275208
                ],
                [
                    2,
                    792,
                    0.7980886697769165
                ],
                [
                    3,
                    1056,
                    0.812434732913971
                ],
                [
                    4,
                    1320,
                    0.8174875974655151
                ],
                [
                    5,
                    1584,
                    0.8187155723571777
                ],
                [
                    6,
                    1848,
                    0.8178657293319702
                ],
                [
                    7,
                    2112,
                    0.8193632960319519
                ],
                [
                    8,
                    2376,
                    0.8157694935798645
                ]
            ]
        }
    },
    "train_metrics": {
        "combined": {
            "loss": [
                [
                    0,
                    264,
                    0.7813021540641785
                ],
                [
                    1,
                    528,
                    0.5975977182388306
                ],
                [
                    2,
                    792,
                    0.39254090189933777
                ],
                [
                    3,
                    1056,
                    0.3421539068222046
                ],
                [
                    4,
                    1320,
                    0.36869269609451294
                ],
                [
                    5,
                    1584,
                    0.34825339913368225
                ],
                [
                    6,
                    1848,
                    0.26981237530708313
                ],
                [
                    7,
                    2112,
                    0.28108635544776917
                ],
                [
                    8,
                    2376,
                    0.46116653084754944
                ]
            ]
        },
        "recommended": {
            "accuracy": [
                [
                    0,
                    264,
                    0.6744765639305115
                ],
                [
                    1,
                    528,
                    0.7403760552406311
                ],
                [
                    2,
                    792,
                    0.825968325138092
                ],
                [
                    3,
                    1056,
                    0.8520078063011169
                ],
                [
                    4,
                    1320,
                    0.8340649008750916
                ],
                [
                    5,
                    1584,
                    0.8462839126586914
                ],
                [
                    6,
                    1848,
                    0.889435887336731
                ],
                [
                    7,
                    2112,
                    0.878462553024292
                ],
                [
                    8,
                    2376,
                    0.7928406000137329
                ]
            ],