{
    "batch_size": 128,
    "best_eval_metric": 1.9076162576675415,
    "best_increase_batch_size_eval_metric": Infinity,
    "best_reduce_learning_rate_eval_metric": Infinity,
    "epoch": 5,
    "last_improvement": 36,
    "last_improvement_steps": 24,
    "last_increase_batch_size": 0,
    "last_increase_batch_size_eval_metric_improvement": 0,
    "last_increase_batch_size_steps": 0,
    "last_learning_rate_reduction": 0,
    "last_learning_rate_reduction_steps": 0,
    "last_reduce_learning_rate_eval_metric_improvement": 0,
    "learning_rate": 0.001,
    "num_increases_batch_size": 0,
    "num_reductions_learning_rate": 0,
    "steps": 60,
    "test_metrics": {
        "combined": {
            "loss": [
                [
                    0,
                    12,
                    2.226107597351074
                ],
                [
                    1,
                    24,
                    1.785066843032837
                ],
                [
                    2,
                    36,
                    1.854727029800415
                ],
                [
                    3,
                    48,
                    1.8871142864227295
                ],
                [
                    4,
                    60,
                    2.132434368133545
                ]
            ]
        },
        "label": {
            "accuracy": [
                [
                    0,
                    12,
                    0.7243902683258057
                ],
                [
                    1,
                    24,
                    0.7243902683258057
                ],
                [
                    2,
                    36,
                    0.7243902683258057
                ],
                [
                    3,
                    48,
                    0.7243902683258057
                ],
                [
                    4,
                    60,
                    0.7243902683258057
                ]
            ],
            "hits_at_k": [
                [
                    0,
                    12,
                    0.7585365772247314
                ],
                [
                    1,
                    24,
                    0.8390243649482727
                ],
                [
                    2,
                    36,
                    0.8463414907455444
                ],
                [
                    3,
                    48,
                    0.8463414907455444
                ],
                [
                    4,
                    60,
                    0.8487805128097534
                ]
            ],
            "loss": [
                [
                    0,
                    12,
                    2.226107597351074
                ],
                [
                    1,
                    24,
                    1.785066843032837
                ],
                [
                    2,
                    36,
                    1.854727029800415
                ],
                [
                    3,
                    48,
                    1.8871142864227295
                ],
                [
                    4,
                    60,
                    2.132434368133545
                ]
            ]
        }
    },
    "train_metrics": {
        "combined": {
            "loss": [
                [
                    0,
                    12,
                    2.3055834770202637
                ],
                [
                    1,
                    24,
                    1.8833471536636353
                ],
                [
                    2,
                    36,
                    1.8775115013122559
                ],
                [
                    3,
                    48,
                    1.8520808219909668
                ],
                [
                    4,
                    60,
                    2.0550670623779297
                ]
            ]
        },
        "label": {
            "accuracy": [
                [
                    0,
                    12,
                    0.6803907752037048
                ],
                [
                    1,
                    24,
                    0.6803907752037048
                ],
                [
                    2,
                    36,
                    0.6803907752037048
                ],
                [
                    3,
                    48,
                    0.6831821203231812
                ],
                [
                    4,
                    60,
                    0.6810886263847351
                ]
            ],
            "hits_at_k": [
                [
                    0,
                    12,
                    0.7418004274368286
                ],
                [
                    1,
                    24,
                    0.8115841150283813
                ],
                [
                    2,
                    36,
                    0.8053035736083984
                ],
                [
                    3,
                    48,
                    0.8178645968437195
                ],
                [
                    4,
                    60,
                    0.8178645968437195
                ]
            ],
            "loss": [
                [
                    0,
                    12,
                    2.3055834770202637
                ],
                [
                    1,
                    24,
                    1.8833471536636353
                ],
                [
                    2,
                    36,
                    1.8775115013122559
                ],
                [
                    3,
                    48,
                    1.8520808219909668
                ],
                [
                    4,
                    60,
                    2.0550670623779297
                ]
            ]
        }
    },
    "tune_checkpoint_num": 0,
    "validation_metrics": {
        "combined": {
            "loss": [
                [
                    0,
                    12,
                    2.3889009952545166
                ],
                [
                    1,
                    24,
                    1.9076162576675415
                ],
                [
                    2,
                    36,
                    1.9427144527435303
                ],
                [
                    3,
                    48,
                    1.9210562705993652
                ],
                [
                    4,
                    60,
                    2.160447597503662
                ]
            ]
        },
        "label": {
            "accuracy": [
                [
                    0,
                    12,
                    0.6717948913574219
                ],
                [
                    1,
                    24,
                    0.6717948913574219
                ],
                [
                    2,
                    36,
                    0.6717948913574219
                ],
                [
                    3,
                    48,
                    0.6717948913574219
                ],
                [
                    4,
                    60,
                    0.6717948913574219
                ]
            ],